TITULACIï¿½N,
GRADUADO/A EN ARQUEOLOGï¿½A,&#9935;
GRADUADO/A EN BELLAS ARTES,&#128396;
GRADUADO/A EN CONSERVACIï¿½N Y RESTAURACIï¿½N DE BIENES CULTURAL,&#9814;
GRADUADO/A EN ESTUDIOS FRANCESES,&#66374;
GRADUADO/A EN ESTUDIOS INGLESES,&#66356;
GRADUADO/A EN ESTUDIOS ï¿½RABES E ISLï¿½MICOS,&#128331;
GRADUADO/A EN FILOLOGï¿½A CLï¿½SICA,&#937;
GRADUADO/A EN FILOLOGï¿½A HISPï¿½NICA,&#209;
GRADUADO/A EN FILOSOFï¿½A,&#127963;
GRADUADO/A EN HISTORIA,&#128511;
GRADUADO/A EN HISTORIA DEL ARTE,&#127963;
GRADUADO/A EN HISTORIA Y CIENCIAS DE LA Mï¿½SICA,&#127932;
GRADUADO/A EN LENGUAS MODERNAS Y SUS LITERATURAS,&#127887;
GRADUADO/A EN LITERATURAS COMPARADAS,&#128218;
GRADUADO/A EN TRADUCCIï¿½N E INTERPRETACIï¿½N,&#128490;
LICENCIADO EN ANTROPOLOGï¿½A SOCIAL Y CULTURAL,&#127886;
LICENCIADO EN BELLAS ARTES,&#128396;
LICENCIADO EN FILOLOGï¿½A CLï¿½SICA,
LICENCIADO EN FILOLOGï¿½A ESLAVA,
LICENCIADO EN FILOLOGï¿½A FRANCESA,
LICENCIADO EN FILOLOGï¿½A HISPï¿½NICA,
LICENCIADO EN FILOLOGï¿½A INGLESA,
LICENCIADO EN FILOLOGï¿½A ITALIANA,
LICENCIADO EN FILOLOGï¿½A ROMï¿½NICA,&#66370;
LICENCIADO EN FILOLOGï¿½A ï¿½RABE,
LICENCIADO EN FILOSOFï¿½A,
LICENCIADO EN GEOGRAFï¿½A,&#128506;
LICENCIADO EN HISTORIA,
LICENCIADO EN HISTORIA DEL ARTE,
LICENCIADO EN HISTORIA Y CIENCIAS DE LA MUSICA,
LICENCIADO EN TEORï¿½A DE LA LITERATURA Y LITERATURA COMPARADA,
LICENCIADO EN TRADUCCIï¿½N E INTERPRETACIï¿½N,
DIPLOMADO EN ESTADï¿½STICA,&#128202;
DIPLOMADO EN NUTRICIï¿½N HUMANA Y DIETï¿½TICA,&#127860;
DIPLOMADO EN ï¿½PTICA Y OPTOMETRï¿½A,&#128064;
GRADUADO/A EN BIOLOGï¿½A,&#128029;
GRADUADO/A EN BIOQUï¿½MICA,&#9763;
GRADUADO/A EN BIOTECNOLOGï¿½A,&#128062;
GRADUADO/A EN CIENCIA Y TECNOLOGï¿½A DE LOS ALIMENTOS,&#127858;
GRADUADO/A EN CIENCIAS AMBIENTALES,&#127969;
GRADUADO/A EN ESTADï¿½STICA,
GRADUADO/A EN Fï¿½SICA,&#127755;
GRADUADO/A EN GEOLOGï¿½A,&#127759;
GRADUADO/A EN MATEMï¿½TICAS,
GRADUADO/A EN QUï¿½MICA,
GRADUADO/A EN ï¿½PTICA Y OPTOMETRï¿½A,
LICENCIADO EN BIOLOGï¿½A,
LICENCIADO EN BIOQUï¿½MICA,
LICENCIADO EN CIENCIA Y TECNOLOGï¿½A DE LOS ALIMENTOS,
LICENCIADO EN CIENCIAS AMBIENTALES,
LICENCIADO EN CIENCIAS Y Tï¿½CNICAS ESTADï¿½STICAS,
LICENCIADO EN Fï¿½SICA,
LICENCIADO EN GEOLOGï¿½A,
LICENCIADO EN MATEMï¿½TICAS,
LICENCIADO EN QUï¿½MICA,
DIPLOMADO EN BIBLIOTECONOMï¿½A Y DOCUMENTACIï¿½N,&#128209;
DIPLOMADO EN CIENCIAS EMPRESARIALES,&#128177;
"DIPLOMADO EN CIENCIAS EMPRESARIALES ""CEUTA""",
"DIPLOMADO EN CIENCIAS EMPRESARIALES ""MELILLA""",
DIPLOMADO EN EDUCACIï¿½N SOCIAL,
"DIPLOMADO EN GESTIï¿½N Y ADMINISTRACIï¿½N Pï¿½BLICA ""MELILLA""",
DIPLOMADO EN RELACIONES LABORALES,&#128447;
DIPLOMADO EN TRABAJO SOCIAL,&#128106;
DIPLOMADO EN TURISMO,&#128248;
GRADUADO ADMINISTRACIï¿½N Y DIRECCIï¿½N EMPRESAS Y DCHO MELILLA,
GRADUADO EN ADMINISTRACIï¿½N Y DIRECCIï¿½N DE EMPRESAS (MELILLA),
GRADUADO/A CC ACT Fï¿½SICA Y ED.PRIMA (MELILLA),
GRADUADO/A EN ADMINISTRACIï¿½N Y DIRECCIï¿½N DE EMPRESAS,&#128201;
GRADUADO/A EN ADMINISTRACIï¿½N Y DIRECCIï¿½N DE EMPRESAS (CEUTA),
GRADUADO/A EN ADMINISTRACIï¿½N Y DIRECCIï¿½N DE EMPRESAS-DERECHO,
GRADUADO/A EN ANTROPOLOGï¿½A SOCIAL Y CULTURAL,
GRADUADO/A EN CIENCIAS DE LA ACTIVIDAD Fï¿½SICA Y DEL DEPORTE,&#127939;
GRADUADO/A EN CIENCIAS POLï¿½TICAS Y DE LA ADMINIST. Y DERECHO,
GRADUADO/A EN CIENCIAS POLï¿½TICAS Y DE LA ADMINISTRACIï¿½N,&#128506;
GRADUADO/A EN COMUNICACIï¿½N AUDIOVISUAL,&#128249;
GRADUADO/A EN CRIMINOLOGï¿½A,&#128299;
GRADUADO/A EN DERECHO,&#9878;
GRADUADO/A EN ECONOMï¿½A,&#128177;
GRADUADO/A EN EDUCACIï¿½N INFANTIL,
GRADUADO/A EN EDUCACIï¿½N INFANTIL (CEUTA),
GRADUADO/A EN EDUCACIï¿½N INFANTIL (LA INMACULADA),
GRADUADO/A EN EDUCACIï¿½N INFANTIL (MELILLA),
GRADUADO/A EN EDUCACIï¿½N PRIMARIA,
GRADUADO/A EN EDUCACIï¿½N PRIMARIA (BILINGÃœE),
GRADUADO/A EN EDUCACIï¿½N PRIMARIA (CEUTA),
GRADUADO/A EN EDUCACIï¿½N PRIMARIA (LA INMACULADA),
GRADUADO/A EN EDUCACIï¿½N PRIMARIA (MELILLA),
GRADUADO/A EN EDUCACIï¿½N SOCIAL,
GRADUADO/A EN EDUCACIï¿½N SOCIAL (CEUTA),
GRADUADO/A EN EDUCACIï¿½N SOCIAL (MELILLA),
GRADUADO/A EN FINANZAS Y CONTABILIDAD,
GRADUADO/A EN GEOGRAFï¿½A Y GESTIï¿½N DEL TERRITORIO,
GRADUADO/A EN GESTIï¿½N Y ADMINISTRACIï¿½N Pï¿½BLICA (MELILLA),
GRADUADO/A EN INFORMACIï¿½N Y DOCUMENTACIï¿½N,
GRADUADO/A EN MARKETING E INVESTIGACIï¿½N DE MERCADOS,
GRADUADO/A EN PEDAGOGï¿½A,
GRADUADO/A EN RELACIONES LABORALES Y RECURSOS HUMANOS,
GRADUADO/A EN RELACIONES LABORALES Y RECURSOS HUMANOS (MEL.),
GRADUADO/A EN SOCIOLOGï¿½A,
GRADUADO/A EN TRABAJO SOCIAL,
GRADUADO/A EN TURISMO,
LDO. EN ADMINISTRACIï¿½N Y DIRECCIï¿½N DE EMPRESAS Y DERECHO,
LICENCIADO EN ADMINISTRACIï¿½N Y DIRECCIï¿½N DE EMPRESAS,
LICENCIADO EN CIENCIAS DE LA ACTIVIDAD Fï¿½SICA Y DEL DEPORTE,
LICENCIADO EN CIENCIAS DEL TRABAJO,
LICENCIADO EN CIENCIAS POLï¿½TICAS Y DE LA ADMINISTRACIï¿½N,
LICENCIADO EN CIENCIAS POLï¿½TICAS Y DE LA ADMON. Y DERECHO,
LICENCIADO EN COMUNICACIï¿½N AUDIOVISUAL,
LICENCIADO EN DERECHO,
LICENCIADO EN DOCUMENTACIï¿½N,
LICENCIADO EN ECONOMï¿½A,
LICENCIADO EN INVESTIGACIï¿½N Y Tï¿½CNICAS DE MERCADO,
LICENCIADO EN PEDAGOGï¿½A,
LICENCIADO EN PSICOLOGï¿½A,
LICENCIADO EN PSICOPEDAGOGï¿½A,
"LICENCIADO EN PSICOPEDAGOGï¿½A ""CEUTA""",
"LICENCIADO EN PSICOPEDAGOGï¿½A ""MELILLA""",
LICENCIADO EN SOCIOLOGï¿½A,
MAESTRO ESPECIALIDAD DE AUDICIï¿½N Y LENGUAJE,
MAESTRO ESPECIALIDAD DE AUDICIï¿½N Y LENGUAJE,
"MAESTRO ESPECIALIDAD DE AUDICIï¿½N Y LENGUAJE ""CEUTA""",
MAESTRO ESPECIALIDAD DE EDUCACIï¿½N ESPECIAL,
MAESTRO ESPECIALIDAD DE EDUCACIï¿½N ESPECIAL,
"MAESTRO ESPECIALIDAD DE EDUCACIï¿½N ESPECIAL ""CEUTA""",
"MAESTRO ESPECIALIDAD DE EDUCACIï¿½N ESPECIAL ""MELILLA""",
MAESTRO ESPECIALIDAD DE EDUCACIï¿½N Fï¿½SICA,
MAESTRO ESPECIALIDAD DE EDUCACIï¿½N Fï¿½SICA,
"MAESTRO ESPECIALIDAD DE EDUCACIï¿½N Fï¿½SICA ""CEUTA""",
"MAESTRO ESPECIALIDAD DE EDUCACIï¿½N Fï¿½SICA ""MELILLA""",
MAESTRO ESPECIALIDAD DE EDUCACIï¿½N INFANTIL,
MAESTRO ESPECIALIDAD DE EDUCACIï¿½N INFANTIL,
"MAESTRO ESPECIALIDAD DE EDUCACIï¿½N INFANTIL ""CEUTA""",
"MAESTRO ESPECIALIDAD DE EDUCACIï¿½N INFANTIL ""MELILLA""",
MAESTRO ESPECIALIDAD DE EDUCACIï¿½N MUSICAL, &#127926
MAESTRO ESPECIALIDAD DE EDUCACIï¿½N MUSICAL,
"MAESTRO ESPECIALIDAD DE EDUCACIï¿½N MUSICAL ""CEUTA""",
"MAESTRO ESPECIALIDAD DE EDUCACIï¿½N MUSICAL ""MELILLA""",
MAESTRO ESPECIALIDAD DE EDUCACIï¿½N PRIMARIA,
MAESTRO ESPECIALIDAD DE EDUCACIï¿½N PRIMARIA,
"MAESTRO ESPECIALIDAD DE EDUCACIï¿½N PRIMARIA ""CEUTA""",
"MAESTRO ESPECIALIDAD DE EDUCACIï¿½N PRIMARIA ""MELILLA""",
MAESTRO ESPECIALIDAD DE LENGUA EXTRANJERA,
MAESTRO ESPECIALIDAD DE LENGUA EXTRANJERA,
"MAESTRO ESPECIALIDAD DE LENGUA EXTRANJERA ""CEUTA""",
"MAESTRO ESPECIALIDAD DE LENGUA EXTRANJERA ""MELILLA""",
ARQUITECTO,
ARQUITECTURA Tï¿½CNICA,&#127959
GRADO EN INGENIERIA EN EDIFICACIï¿½N (CURSO PUENTE),
GRADUADO/A EN ARQUITECTURA,
GRADUADO/A EN EDIFICACIï¿½N,
GRADUADO/A EN INGENIERï¿½A CIVIL,
GRADUADO/A EN INGENIERï¿½A DE TECNOLOGï¿½AS DE TELECOMUNICACIï¿½N,
GRADUADO/A EN INGENIERï¿½A ELECTRï¿½NICA INDUSTRIAL,
GRADUADO/A EN INGENIERï¿½A INFORMï¿½TICA,
GRADUADO/A EN INGENIERï¿½A INFORMï¿½TICA (CEUTA),
GRADUADO/A EN INGENIERï¿½A INFORMï¿½TICA Y MATEMï¿½TICAS,
GRADUADO/A EN INGENIERï¿½A QUï¿½MICA,
INGENIERO DE TELECOMUNICACIï¿½N,
INGENIERO EN ELECTRï¿½NICA,
INGENIERO EN INFORMï¿½TICA,
INGENIERO QUï¿½MICO,
INGENIERO Tï¿½CNICO EN INFORMï¿½TICA DE GESTIï¿½N,
"INGENIERO Tï¿½CNICO EN INFORMï¿½TICA DE GESTIï¿½N ""CEUTA""",
INGENIERO Tï¿½CNICO EN INFORMï¿½TICA DE SISTEMAS,
"INGENIERO/A DE CAMINOS, CANALES Y PUERTOS",
DIPLOMADO EN ENFERMERï¿½A,
"DIPLOMADO EN ENFERMERï¿½A ""CEUTA""",
"DIPLOMADO EN ENFERMERï¿½A ""MELILLA""",
DIPLOMADO EN FISIOTERAPIA,
DIPLOMADO EN LOGOPEDIA,&#128483;
DIPLOMADO EN TERAPIA OCUPACIONAL,
GRADUADO/A EN ENFERMERï¿½A,
GRADUADO/A EN ENFERMERï¿½A (CEUTA),
GRADUADO/A EN ENFERMERï¿½A (MELILLA),
GRADUADO/A EN ENFERMERï¿½A (VIRGEN DE LA NIEVES),
GRADUADO/A EN FARMACIA,
GRADUADO/A EN FISIOTERAPIA,
GRADUADO/A EN LOGOPEDIA,
GRADUADO/A EN MEDICINA,
GRADUADO/A EN NUTRICIï¿½N HUMANA Y DIETï¿½TICA,
GRADUADO/A EN ODONTOLOGï¿½A,
GRADUADO/A EN PSICOLOGï¿½A,
GRADUADO/A EN TERAPIA OCUPACIONAL,
LICENCIADO EN FARMACIA,
LICENCIADO EN MEDICINA,
LICENCIADO EN ODONTOLOGï¿½A,
