Arquitecto,&#9963,
Ingeniero Aeronáutico,&#9972,
Ingeniero Agrónomo,&#9822,
"Ingeniero de Caminos,  Canales y Puertos",&#9942,
Ingeniero de Materiales,&#9874,
Ingeniero de Minas,&#9935,
Ingeniero de Montes,&#9968,
Ingeniero de Organización Industrial,&#9888,
Ingeniero de Telecomunicación,,
Ingeniero en Automática y Electrónica Industrial,,
Ingeniero en Electrónica,,
Ingeniero en Geodesia y Cartografía,,
Ingeniero en Informática,&#128423,
Ingeniero Geólogo,,
Ingeniero Industrial,,
Ingeniero Naval y Oceánico,&#128674,
Ingeniero Químico,,
Licenciado en Administración y Dirección de Empresas,,
Licenciado en Antropología Social y Cultural,,
Licenciado en Bellas Artes,&#128396,
Licenciado en Biología,&#128029,
Licenciado en Bioquímica,,
Licenciado en Biotecnología,,
Licenciado en Ciencia y Tecnología de los Alimentos,&#127850,
Licenciado en Ciencias Actuariales y Financieras,,
Licenciado en Ciencias Ambientales,,
Licenciado en Ciencias de la Actividad Física y del Deporte,&#128095,
Licenciado en Ciencias del Mar,,
Licenciado en Ciencias del Trabajo,,
Licenciado en Ciencias Políticas y de la Administración,,
Licenciado en Ciencias y Técnicas Estadísticas,,
Licenciado en Comunicación Audiovisual,&#127909,
Licenciado en Criminología,&#128373,
Licenciado en Derecho,&#9878,
Licenciado en Documentación,,
Licenciado en Economía,&#128185,
Licenciado en Enología,&#127863,
Licenciado en Estudios de Asia Oriental,&#128121,
Licenciado en Farmacia,&#128138,
Licenciado en Filología Alemana,&#127866,
Licenciado en Filología Árabe,&#128331,
Err:510,,
Arquitecto,&#9963,
Ingeniero Aeronáutico,&#9972,
Ingeniero Agrónomo,&#9822,
Ingeniero de Caminos, Canales y Puertos,&#9942
Ingeniero de Materiales,&#9874,
Ingeniero de Minas,&#9935,
Ingeniero de Montes,&#9968,
Ingeniero de Organización Industrial,&#9888,
Ingeniero de Telecomunicación     ,&#9742,
Ingeniero en Automática y Electrónica Industrial  &#9889,,
Ingeniero en Electrónica  ,&#9889,
Ingeniero en Geodesia y Cartografía ,,
Ingeniero en Informática,&#128189,
Ingeniero Geólogo,&#127757,
Ingeniero Industrial,&#127981,
Ingeniero Naval y Oceánico,&#128674,
Ingeniero Químico, &#128300,
Licenciado en Administración y Dirección de Empresas,&#128201,
Licenciado en Antropología Social y Cultural,&#128113,
Licenciado en Bellas Artes,&#127912,
Licenciado en Biología,,&#128375
Licenciado en Bioquímica,&#9763,
Licenciado en Biotecnología,&#128062,
Licenciado en Ciencia y Tecnología de los Alimentos,&#127858,
Licenciado en Ciencias Actuariales y Financieras,&#128202,
Licenciado en Ciencias Ambientales,&#127969,
Licenciado en Ciencias de la Actividad Física y del Deporte,&#127939,
Licenciado en Ciencias del Mar,&#128741,
Licenciado en Ciencias del Trabajo,&#128736,
Licenciado en Ciencias Políticas y de la Administración,&#128506,
Licenciado en Ciencias y Técnicas Estadísticas,&#128200,
Licenciado en Comunicación Audiovisual,&#128249,
Licenciado en Criminología,&#128299,
Licenciado en Derecho,&#9878,
Licenciado en Documentación,&#128441,
Licenciado en Economía,&#128177,
Licenciado en Enología,&#127863,
Licenciado en Estudios de Asia Oriental,,
Licenciado en Farmacia,,
Licenciado en Filología Alemana,,
Licenciado en Filología Árabe,,
Licenciado en Filología Catalana,,
Licenciado en Filología Clásica,,
Licenciado en Filología Francesa,,
Licenciado en Filología Gallega,,
Licenciado en Filología Hispánica,,
Licenciado en Filología Inglesa,&#128130,
Licenciado en Filología Románica,,
Licenciado en Filología Vasca,,
Licenciado en Filosofía,,
Licenciado en Física,,
Licenciado en Geografía,&#128506,
Licenciado en Geología,&#127755,
Licenciado en Historia,,
Licenciado en Historia del Arte,&#127963,
Licenciado en Historia y Ciencias de la Música,&#127932,
Licenciado en Humanidades,,
Licenciado en Investigación y Técnicas de Mercado,,
Licenciado en Lingüística,,
Licenciado en Máquinas Navales,,
Licenciado en Matemáticas,,
Licenciado en Medicina,&#128335,
Licenciado en Náutica y Transporte Marítimo,,
Licenciado en Odontología,,
Licenciado en Pedagogía,,
Licenciado en Periodismo,,
Licenciado en Psicología,,
Licenciado en Psicopedagogía,,
Licenciado en Publicidad y Relaciones Públicas,,
Licenciado en Química,,
Licenciado en Sociología,,
Licenciado en Teoría de la Literatura y Literatura Comparada,,
Licenciado en Traducción e Interpretación,&#128172,
Licenciado en Veterinaria, &#128004,
Diplomado en Biblioteconomía y Documentación,,
Diplomado en Ciencias Empresariales,&#128177,
Diplomado en Educación Social,,
Diplomado en Enfermería,&#128137,
Diplomado en Estadística,&#128202,
Diplomado en Fisioterapia,&#128134,
Diplomado en Gestión y Administración Pública,,
Diplomado en Logopedia,&#128483,
Diplomado en Máquinas Navales,,
Diplomado en Navegación Marítima,,
Diplomado en Nutrición Humana y Dietética,,
Diplomado en Óptica y Optometría,&#128064,
Diplomado en Podología,&#128099,
Diplomado en Relaciones Laborales,,
Diplomado en Terapia Ocupacional,,
Diplomado en Trabajo Social,,
Diplomado en Turismo,,
Maestro-Especialidad de Audición y Lenguaje,,
Maestro-Especialidad de Educación Especial,,
Maestro-Especialidad de Educación Física,,
Maestro-Especialidad de Educación Infantil,,
Maestro-Especialidad de Educación Musical, &#127926,
Maestro-Especialidad de Educación Primaria,,
Maestro-Especialidad de Lengua Extranjera,,
Ingeniero Técnico en Informática,,
Arquitecto Técnico,&#127959,
Ingeniero Técnico Aeronáutico,&#128640,
Ingeniero Técnico Agrícola,,
Ingeniero Técnico de Minas,,
Ingeniero Técnico de Obras Públicas,,
Ingeniero Técnico de Telecomunicación,&#128225,
Ingeniero Técnico en Diseño Industrial,,
Ingeniero Técnico en Informática de Gestión,,
Ingeniero Técnico en Informática de Sistemas,,
Ingeniero Técnico en Topografía,,
Ingeniero Técnico Forestal,,
Ingeniero Técnico Industrial,,
Ingeniero Técnico Naval,,
Grado en Administración y Dirección de Empresas,,
Grado en Ciencias de la Actividad Física y del Deporte,,
Grado en Enfermería,,
Grado en Fisioterapia,,
Grado en Ingeniería de la Edificación,&#9820,
Grado en Ingeniería Informática,,
Grado en Relaciones Laborales,&#128447,
Grado en Trabajo Social,&#128106,
Grado en Turismo,&#128248,
