TITULACI�N,
GRADUADO/A EN ARQUEOLOG�A,&#9935;
GRADUADO/A EN BELLAS ARTES,&#128396
GRADUADO/A EN CONSERVACI�N Y RESTAURACI�N DE BIENES CULTURAL,: &#9814;
GRADUADO/A EN ESTUDIOS FRANCESES,
GRADUADO/A EN ESTUDIOS INGLESES,
GRADUADO/A EN ESTUDIOS �RABES E ISL�MICOS,
GRADUADO/A EN FILOLOG�A CL�SICA,
GRADUADO/A EN FILOLOG�A HISP�NICA,
GRADUADO/A EN FILOSOF�A,
GRADUADO/A EN HISTORIA,
GRADUADO/A EN HISTORIA DEL ARTE,
GRADUADO/A EN HISTORIA Y CIENCIAS DE LA M�SICA,
GRADUADO/A EN LENGUAS MODERNAS Y SUS LITERATURAS,
GRADUADO/A EN LITERATURAS COMPARADAS,
GRADUADO/A EN TRADUCCI�N E INTERPRETACI�N,
LICENCIADO EN ANTROPOLOG�A SOCIAL Y CULTURAL,
LICENCIADO EN BELLAS ARTES,
LICENCIADO EN FILOLOG�A CL�SICA,
LICENCIADO EN FILOLOG�A ESLAVA,
LICENCIADO EN FILOLOG�A FRANCESA,
LICENCIADO EN FILOLOG�A HISP�NICA,
LICENCIADO EN FILOLOG�A INGLESA,
LICENCIADO EN FILOLOG�A ITALIANA,
LICENCIADO EN FILOLOG�A ROM�NICA,
LICENCIADO EN FILOLOG�A �RABE,
LICENCIADO EN FILOSOF�A,
LICENCIADO EN GEOGRAF�A,
LICENCIADO EN HISTORIA,
LICENCIADO EN HISTORIA DEL ARTE,
LICENCIADO EN HISTORIA Y CIENCIAS DE LA MUSICA,
LICENCIADO EN TEOR�A DE LA LITERATURA Y LITERATURA COMPARADA,
LICENCIADO EN TRADUCCI�N E INTERPRETACI�N,
DIPLOMADO EN ESTAD�STICA,
DIPLOMADO EN NUTRICI�N HUMANA Y DIET�TICA,
DIPLOMADO EN �PTICA Y OPTOMETR�A,
GRADUADO/A EN BIOLOG�A,
GRADUADO/A EN BIOQU�MICA,
GRADUADO/A EN BIOTECNOLOG�A,
GRADUADO/A EN CIENCIA Y TECNOLOG�A DE LOS ALIMENTOS,
GRADUADO/A EN CIENCIAS AMBIENTALES,
GRADUADO/A EN ESTAD�STICA,
GRADUADO/A EN F�SICA,
GRADUADO/A EN GEOLOG�A,
GRADUADO/A EN MATEM�TICAS,
GRADUADO/A EN QU�MICA,
GRADUADO/A EN �PTICA Y OPTOMETR�A,
LICENCIADO EN BIOLOG�A,
LICENCIADO EN BIOQU�MICA,
LICENCIADO EN CIENCIA Y TECNOLOG�A DE LOS ALIMENTOS,
LICENCIADO EN CIENCIAS AMBIENTALES,
LICENCIADO EN CIENCIAS Y T�CNICAS ESTAD�STICAS,
LICENCIADO EN F�SICA,
LICENCIADO EN GEOLOG�A,
LICENCIADO EN MATEM�TICAS,
LICENCIADO EN QU�MICA,
DIPLOMADO EN BIBLIOTECONOM�A Y DOCUMENTACI�N,
DIPLOMADO EN CIENCIAS EMPRESARIALES,
"DIPLOMADO EN CIENCIAS EMPRESARIALES ""CEUTA""",
"DIPLOMADO EN CIENCIAS EMPRESARIALES ""MELILLA""",
DIPLOMADO EN EDUCACI�N SOCIAL,
"DIPLOMADO EN GESTI�N Y ADMINISTRACI�N P�BLICA ""MELILLA""",
DIPLOMADO EN RELACIONES LABORALES,
DIPLOMADO EN TRABAJO SOCIAL,
DIPLOMADO EN TURISMO,
GRADUADO ADMINISTRACI�N Y DIRECCI�N EMPRESAS Y DCHO MELILLA,
GRADUADO EN ADMINISTRACI�N Y DIRECCI�N DE EMPRESAS (MELILLA),
GRADUADO/A CC ACT F�SICA Y ED.PRIMA (MELILLA),
GRADUADO/A EN ADMINISTRACI�N Y DIRECCI�N DE EMPRESAS,
GRADUADO/A EN ADMINISTRACI�N Y DIRECCI�N DE EMPRESAS (CEUTA),
GRADUADO/A EN ADMINISTRACI�N Y DIRECCI�N DE EMPRESAS-DERECHO,
GRADUADO/A EN ANTROPOLOG�A SOCIAL Y CULTURAL,
GRADUADO/A EN CIENCIAS DE LA ACTIVIDAD F�SICA Y DEL DEPORTE,
GRADUADO/A EN CIENCIAS POL�TICAS Y DE LA ADMINIST. Y DERECHO,
GRADUADO/A EN CIENCIAS POL�TICAS Y DE LA ADMINISTRACI�N,
GRADUADO/A EN COMUNICACI�N AUDIOVISUAL,
GRADUADO/A EN CRIMINOLOG�A,
GRADUADO/A EN DERECHO,
GRADUADO/A EN ECONOM�A,
GRADUADO/A EN EDUCACI�N INFANTIL,
GRADUADO/A EN EDUCACI�N INFANTIL (CEUTA),
GRADUADO/A EN EDUCACI�N INFANTIL (LA INMACULADA),
GRADUADO/A EN EDUCACI�N INFANTIL (MELILLA),
GRADUADO/A EN EDUCACI�N PRIMARIA,
GRADUADO/A EN EDUCACI�N PRIMARIA (BILINGÜE),
GRADUADO/A EN EDUCACI�N PRIMARIA (CEUTA),
GRADUADO/A EN EDUCACI�N PRIMARIA (LA INMACULADA),
GRADUADO/A EN EDUCACI�N PRIMARIA (MELILLA),
GRADUADO/A EN EDUCACI�N SOCIAL,
GRADUADO/A EN EDUCACI�N SOCIAL (CEUTA),
GRADUADO/A EN EDUCACI�N SOCIAL (MELILLA),
GRADUADO/A EN FINANZAS Y CONTABILIDAD,
GRADUADO/A EN GEOGRAF�A Y GESTI�N DEL TERRITORIO,
GRADUADO/A EN GESTI�N Y ADMINISTRACI�N P�BLICA (MELILLA),
GRADUADO/A EN INFORMACI�N Y DOCUMENTACI�N,
GRADUADO/A EN MARKETING E INVESTIGACI�N DE MERCADOS,
GRADUADO/A EN PEDAGOG�A,
GRADUADO/A EN RELACIONES LABORALES Y RECURSOS HUMANOS,
GRADUADO/A EN RELACIONES LABORALES Y RECURSOS HUMANOS (MEL.),
GRADUADO/A EN SOCIOLOG�A,
GRADUADO/A EN TRABAJO SOCIAL,
GRADUADO/A EN TURISMO,
LDO. EN ADMINISTRACI�N Y DIRECCI�N DE EMPRESAS Y DERECHO,
LICENCIADO EN ADMINISTRACI�N Y DIRECCI�N DE EMPRESAS,
LICENCIADO EN CIENCIAS DE LA ACTIVIDAD F�SICA Y DEL DEPORTE,
LICENCIADO EN CIENCIAS DEL TRABAJO,
LICENCIADO EN CIENCIAS POL�TICAS Y DE LA ADMINISTRACI�N,
LICENCIADO EN CIENCIAS POL�TICAS Y DE LA ADMON. Y DERECHO,
LICENCIADO EN COMUNICACI�N AUDIOVISUAL,
LICENCIADO EN DERECHO,
LICENCIADO EN DOCUMENTACI�N,
LICENCIADO EN ECONOM�A,
LICENCIADO EN INVESTIGACI�N Y T�CNICAS DE MERCADO,
LICENCIADO EN PEDAGOG�A,
LICENCIADO EN PSICOLOG�A,
LICENCIADO EN PSICOPEDAGOG�A,
"LICENCIADO EN PSICOPEDAGOG�A ""CEUTA""",
"LICENCIADO EN PSICOPEDAGOG�A ""MELILLA""",
LICENCIADO EN SOCIOLOG�A,
MAESTRO ESPECIALIDAD DE AUDICI�N Y LENGUAJE,
MAESTRO ESPECIALIDAD DE AUDICI�N Y LENGUAJE,
"MAESTRO ESPECIALIDAD DE AUDICI�N Y LENGUAJE ""CEUTA""",
MAESTRO ESPECIALIDAD DE EDUCACI�N ESPECIAL,
MAESTRO ESPECIALIDAD DE EDUCACI�N ESPECIAL,
"MAESTRO ESPECIALIDAD DE EDUCACI�N ESPECIAL ""CEUTA""",
"MAESTRO ESPECIALIDAD DE EDUCACI�N ESPECIAL ""MELILLA""",
MAESTRO ESPECIALIDAD DE EDUCACI�N F�SICA,
MAESTRO ESPECIALIDAD DE EDUCACI�N F�SICA,
"MAESTRO ESPECIALIDAD DE EDUCACI�N F�SICA ""CEUTA""",
"MAESTRO ESPECIALIDAD DE EDUCACI�N F�SICA ""MELILLA""",
MAESTRO ESPECIALIDAD DE EDUCACI�N INFANTIL,
MAESTRO ESPECIALIDAD DE EDUCACI�N INFANTIL,
"MAESTRO ESPECIALIDAD DE EDUCACI�N INFANTIL ""CEUTA""",
"MAESTRO ESPECIALIDAD DE EDUCACI�N INFANTIL ""MELILLA""",
MAESTRO ESPECIALIDAD DE EDUCACI�N MUSICAL,
MAESTRO ESPECIALIDAD DE EDUCACI�N MUSICAL,
"MAESTRO ESPECIALIDAD DE EDUCACI�N MUSICAL ""CEUTA""",
"MAESTRO ESPECIALIDAD DE EDUCACI�N MUSICAL ""MELILLA""",
MAESTRO ESPECIALIDAD DE EDUCACI�N PRIMARIA,
MAESTRO ESPECIALIDAD DE EDUCACI�N PRIMARIA,
"MAESTRO ESPECIALIDAD DE EDUCACI�N PRIMARIA ""CEUTA""",
"MAESTRO ESPECIALIDAD DE EDUCACI�N PRIMARIA ""MELILLA""",
MAESTRO ESPECIALIDAD DE LENGUA EXTRANJERA,
MAESTRO ESPECIALIDAD DE LENGUA EXTRANJERA,
"MAESTRO ESPECIALIDAD DE LENGUA EXTRANJERA ""CEUTA""",
"MAESTRO ESPECIALIDAD DE LENGUA EXTRANJERA ""MELILLA""",
ARQUITECTO,
ARQUITECTURA T�CNICA,
GRADO EN INGENIERIA EN EDIFICACI�N (CURSO PUENTE),
GRADUADO/A EN ARQUITECTURA,
GRADUADO/A EN EDIFICACI�N,
GRADUADO/A EN INGENIER�A CIVIL,
GRADUADO/A EN INGENIER�A DE TECNOLOG�AS DE TELECOMUNICACI�N,
GRADUADO/A EN INGENIER�A ELECTR�NICA INDUSTRIAL,
GRADUADO/A EN INGENIER�A INFORM�TICA,
GRADUADO/A EN INGENIER�A INFORM�TICA (CEUTA),
GRADUADO/A EN INGENIER�A INFORM�TICA Y MATEM�TICAS,
GRADUADO/A EN INGENIER�A QU�MICA,
INGENIERO DE TELECOMUNICACI�N,
INGENIERO EN ELECTR�NICA,
INGENIERO EN INFORM�TICA,
INGENIERO QU�MICO,
INGENIERO T�CNICO EN INFORM�TICA DE GESTI�N,
"INGENIERO T�CNICO EN INFORM�TICA DE GESTI�N ""CEUTA""",
INGENIERO T�CNICO EN INFORM�TICA DE SISTEMAS,
"INGENIERO/A DE CAMINOS, CANALES Y PUERTOS",
DIPLOMADO EN ENFERMER�A,
"DIPLOMADO EN ENFERMER�A ""CEUTA""",
"DIPLOMADO EN ENFERMER�A ""MELILLA""",
DIPLOMADO EN FISIOTERAPIA,
DIPLOMADO EN LOGOPEDIA,
DIPLOMADO EN TERAPIA OCUPACIONAL,
GRADUADO/A EN ENFERMER�A,
GRADUADO/A EN ENFERMER�A (CEUTA),
GRADUADO/A EN ENFERMER�A (MELILLA),
GRADUADO/A EN ENFERMER�A (VIRGEN DE LA NIEVES),
GRADUADO/A EN FARMACIA,
GRADUADO/A EN FISIOTERAPIA,
GRADUADO/A EN LOGOPEDIA,
GRADUADO/A EN MEDICINA,
GRADUADO/A EN NUTRICI�N HUMANA Y DIET�TICA,
GRADUADO/A EN ODONTOLOG�A,
GRADUADO/A EN PSICOLOG�A,
GRADUADO/A EN TERAPIA OCUPACIONAL,
LICENCIADO EN FARMACIA,
LICENCIADO EN MEDICINA,
LICENCIADO EN ODONTOLOG�A,
