Titulación,Símbolo
Grado En Arqueología,&#9935;
Grado En Bellas Artes,&#128396;
Grado En Conservación Y Restauración De Bienes Cultural,&#9814;
Grado En Estudios Franceses,&#66374;
Grado En Estudios Ingleses,&#66356;
Grado En Estudios Árabes E Islámicos,&#128331;
Grado En Filología Clásica,&#937;
Grado En Filología Hispánica,&#209;
Grado En Filosofía,&#127963;
Grado En Historia,&#128511;
Grado En Historia Del Arte,&#127963;
Grado En Historia Y Ciencias De La Música,&#127932;
Grado En Lenguas Modernas Y Sus Literaturas,&#127887;
Grado En Literaturas Comparadas,&#128218;
Grado En Traducción E Interpretación,&#128490;
Licenciado En Antropología Social Y Cultural,&#127886;
Licenciado En Bellas Artes,&#128396;
Licenciado En Filología Clásica,&#937;
Licenciado En Filología Eslava,&#1048;
Licenciado En Filología Francesa,&#66374;
Licenciado En Filología Hispánica,&#209;
Licenciado En Filología Inglesa,&#66356;
Licenciado En Filología Italiana,&#128483;
Licenciado En Filología Románica,&#66370;
Licenciado En Filología Árabe,&#9770;
Licenciado En Filosofía,&#127963;
Licenciado En Geografía,&#128506;
Licenciado En Historia,&#127963;
Licenciado En Historia Del Arte,&#128444;
Licenciado En Historia Y Ciencias De La Musica,&#127929;
Licenciado En Teoría De La Literatura Y Literatura Comparada,&#128218;
Licenciado En Traducción E Interpretación,&#128490;
Diplomado En Estadística,&#128202;
Diplomado En Nutrición Humana Y Dietética,&#127860;
Diplomado En Óptica Y Optometría,&#128064;
Grado En Biología,&#128029;
Grado En Bioquímica,&#9763;
Grado En Biotecnología,&#128062;
Grado En Ciencia Y Tecnología De Los Alimentos,&#127858;
Grado En Ciencias Ambientales,&#127969;
Grado En Estadística,&#128202;
Grado En Física,&#127755;
Grado En Geología,&#127759;
Grado En Matemáticas,&#128425;
Grado En Química,&#128300;
Grado En Óptica Y Optometría,&#128064;
Licenciado En Biología,&#128375;
Licenciado En Bioquímica,&#9763;
Licenciado En Ciencia Y Tecnología De Los Alimentos,&#127858;
Licenciado En Ciencias Ambientales,&#127969;
Licenciado En Ciencias Y Técnicas Estadísticas,&#128200;
Licenciado En Física,&#9791;
Licenciado En Geología,&#127748;
Licenciado En Matemáticas,&#128425;
Licenciado En Química,&#128300;
Diplomado En Biblioteconomía Y Documentación,&#128209;
Diplomado En Ciencias Empresariales,&#128177;
Diplomado En Educación Social,&#127890;
Diplomado En Relaciones Laborales,&#128447;
Diplomado En Trabajo Social,&#128106;
Diplomado En Turismo,&#128248;
Grado En Administración Y Dirección De Empresas,&#128201;
Grado En Administración Y Dirección De Empresas-Derecho,&#128201;
Grado En Antropología Social Y Cultural,&#128113;
Grado En Ciencias De La Actividad Física Y Del Deporte,&#127939;
Grado En Ciencias Políticas Y De La Administración Y Derecho,&#128506;
Grado En Ciencias Políticas Y De La Administración,&#128506;
Grado En Comunicación Audiovisual,&#128249;
Grado En Criminología,&#128299;
Grado En Derecho,&#9878;
Grado En Economía,&#128177;
Grado En Educación Infantil,&#128118;
Grado En Educación Primaria,&#128398;
Grado En Educación Social,&#128101;
Grado En Finanzas Y Contabilidad,&#8364;
Grado En Geografía Y Gestión Del Territorio,&#128506;
Grado En Información Y Documentación,&#128209;
Grado En Marketing E Investigación De Mercados,&#128177;
Grado En Pedagogía,&#127890;
Grado En Relaciones Laborales Y Recursos Humanos,&#128447;
Grado En Sociología,&#128499;
Grado En Trabajo Social,&#128106;
Grado En Turismo,&#128248;
Licenciado En Administración Y Dirección De Empresas Y Derecho,&#128201;
Licenciado En Administración Y Dirección De Empresas,&#128201;
Licenciado En Ciencias De La Actividad Física Y Del Deporte,&#127939;
Licenciado En Ciencias Del Trabajo,&#128447;
Licenciado En Ciencias Políticas Y De La Administración,&#128506;
Licenciado En Ciencias Políticas Y De La Administración Y Derecho,&#9878;
Licenciado En Comunicación Audiovisual,&#128249;
Licenciado En Derecho,&#9878;
Licenciado En Documentación,&#128209;
Licenciado En Economía,&#128184;
Licenciado En Investigación Y Técnicas De Mercado,&#128177;
Licenciado En Pedagogía,&#127979;
Licenciado En Psicología,&#936;
Licenciado En Psicopedagogía,&#128696;
Licenciado En Sociología,&#128499;
Maestro-Especialidad De Audición Y Lenguaje,&#128226;
Maestro-Especialidad De Audición Y Lenguaje,&#128226;
Maestro-Especialidad De Educación Especial,&#9855;
Maestro-Especialidad De Educación Especial,&#9855;
Maestro-Especialidad De Educación Física,&#127939;
Maestro-Especialidad De Educación Física,&#127939;
Maestro-Especialidad De Educación Infantil,&#128118;
Maestro-Especialidad De Educación Infantil,&#128118;
Maestro-Especialidad De Educación Musical,&#127926;
Maestro-Especialidad De Educación Musical,&#127926;
Maestro-Especialidad De Educación Primaria,&#128398;
Maestro-Especialidad De Educación Primaria,&#128398;
Maestro-Especialidad De Lengua Extranjera,&#128509;
Maestro-Especialidad De Lengua Extranjera,&#128509;
Arquitecto,&#9963;
Arquitectura Técnica,&#127959;
Grado En Arquitectura,&#9963;
Grado En Edificación,&#9820;
Grado En Ingeniería Civil,&#128739;
Grado En Ingeniería De Tecnologías De Telecomunicación,&#128246;
Grado En Ingeniería Electrónica Industrial,&#9889;
Grado En Ingeniería Informática,&#128189;
Grado En Ingeniería Informática Y Matemáticas,&#128435;
Grado En Ingeniería Química,&#128300;
Ingeniero De Telecomunicación,&#128246;
Ingeniero En Electrónica,&#9889;
Ingeniero En Informática,&#128189;
Ingeniero Químico,&#128300;
Ingeniero Técnico En Informática De Gestión,&#128423;
Ingeniero Técnico En Informática De Sistemas,&#128187;
"Ingeniero De Caminos, Canales Y Puertos",&#9942;
Diplomado En Enfermería,&#128137;
Diplomado En Fisioterapia,&#128134;
Diplomado En Logopedia,&#128483;
Diplomado En Terapia Ocupacional,&#128402;
Grado En Enfermería,&#128137;
Grado En Farmacia,&#9877;
Grado En Fisioterapia,&#128134;
Grado En Logopedia,&#128483;
Grado En Medicina,&#9764;
Grado En Nutrición Humana Y Dietética,&#127860;
Grado En Odontología,&#128513;
Grado En Psicología,&#936;
Grado En Terapia Ocupacional,&#128402;
Licenciado En Farmacia,&#9877;
Licenciado En Medicina,&#9764;
Licenciado En Odontología,&#128513;
