TITULACIÓN,Símbolo
GRADUADO/A EN ARQUEOLOGÍA,&#9935;
GRADUADO/A EN BELLAS ARTES,&#128396;
GRADUADO/A EN CONSERVACIÓN Y RESTAURACIÓN DE BIENES CULTURAL,&#9814;
GRADUADO/A EN ESTUDIOS FRANCESES,&#66374;
GRADUADO/A EN ESTUDIOS INGLESES,&#66356;
GRADUADO/A EN ESTUDIOS ÁRABES E ISLÁMICOS,&#9770;
GRADUADO/A EN FILOLOGÍA CLÁSICA,&#937;
GRADUADO/A EN FILOLOGÍA HISPÁNICA,&#209;
GRADUADO/A EN FILOSOFÍA,&#127963;
GRADUADO/A EN HISTORIA,&#128511;
GRADUADO/A EN HISTORIA DEL ARTE,&#127963;
GRADUADO/A EN HISTORIA Y CIENCIAS DE LA MÚSICA,&#127932;
GRADUADO/A EN LENGUAS MODERNAS Y SUS LITERATURAS,&#127887;
GRADUADO/A EN LITERATURAS COMPARADAS,&#128218;
GRADUADO/A EN TRADUCCIÓN E INTERPRETACIÓN,&#128490;
LICENCIADO EN ANTROPOLOGÍA SOCIAL Y CULTURAL,&#127886;
LICENCIADO EN BELLAS ARTES,&#128396;
LICENCIADO EN FILOLOGÍA CLÁSICA,&#937;
LICENCIADO EN FILOLOGÍA ESLAVA,&#1048;
LICENCIADO EN FILOLOGÍA FRANCESA,&#66374;
LICENCIADO EN FILOLOGÍA HISPÁNICA,&#209;
LICENCIADO EN FILOLOGÍA INGLESA,&#66356;
LICENCIADO EN FILOLOGÍA ITALIANA,&#128483;
LICENCIADO EN FILOLOGÍA ROMÁNICA,&#66370;
LICENCIADO EN FILOLOGÍA ÁRABE,&#9770;
LICENCIADO EN FILOSOFÍA,&#127963;
LICENCIADO EN GEOGRAFÍA,&#128506;
LICENCIADO EN HISTORIA,&#127963;
LICENCIADO EN HISTORIA DEL ARTE,&#128444;
LICENCIADO EN HISTORIA Y CIENCIAS DE LA MUSICA,&#127929;
LICENCIADO EN TEORÍA DE LA LITERATURA Y LITERATURA COMPARADA,&#128218;
LICENCIADO EN TRADUCCIÓN E INTERPRETACIÓN,&#128490;
DIPLOMADO EN ESTADÍSTICA,&#128202;
DIPLOMADO EN NUTRICIÓN HUMANA Y DIETÉTICA,&#127860;
DIPLOMADO EN ÓPTICA Y OPTOMETRÍA,&#128064;
GRADUADO/A EN BIOLOGÍA,&#128029;
GRADUADO/A EN BIOQUÍMICA,&#9763;
GRADUADO/A EN BIOTECNOLOGÍA,&#128062;
GRADUADO/A EN CIENCIA Y TECNOLOGÍA DE LOS ALIMENTOS,&#127858;
GRADUADO/A EN CIENCIAS AMBIENTALES,&#127969;
GRADUADO/A EN ESTADÍSTICA,&#128202;
GRADUADO/A EN FÍSICA,&#127755;
GRADUADO/A EN GEOLOGÍA,&#127759;
GRADUADO/A EN MATEMÁTICAS,&#128425;
GRADUADO/A EN QUÍMICA,&#128300;
GRADUADO/A EN ÓPTICA Y OPTOMETRÍA,&#128064;
LICENCIADO EN BIOLOGÍA,&#128375;
LICENCIADO EN BIOQUÍMICA,&#9763;
LICENCIADO EN CIENCIA Y TECNOLOGÍA DE LOS ALIMENTOS,&#127858;
LICENCIADO EN CIENCIAS AMBIENTALES,&#127969;
LICENCIADO EN CIENCIAS Y TÉCNICAS ESTADÍSTICAS,&#128200;
LICENCIADO EN FÍSICA,&#9791;
LICENCIADO EN GEOLOGÍA,&#127748;
LICENCIADO EN MATEMÁTICAS,&#128425;
LICENCIADO EN QUÍMICA,&#128300;
DIPLOMADO EN BIBLIOTECONOMÍA Y DOCUMENTACIÓN,&#128209;
DIPLOMADO EN CIENCIAS EMPRESARIALES,&#128177;
DIPLOMADO EN EDUCACIÓN SOCIAL,&#127890;
DIPLOMADO EN RELACIONES LABORALES,&#128447;
DIPLOMADO EN TRABAJO SOCIAL,&#128106;
DIPLOMADO EN TURISMO,&#128248;
GRADUADO/A EN ADMINISTRACIÓN Y DIRECCIÓN DE EMPRESAS,&#128201;
GRADUADO/A EN ADMINISTRACIÓN Y DIRECCIÓN DE EMPRESAS-DERECHO,&#128201;
GRADUADO/A EN ANTROPOLOGÍA SOCIAL Y CULTURAL,&#128113;
GRADUADO/A EN CIENCIAS DE LA ACTIVIDAD FÍSICA Y DEL DEPORTE,&#127939;
GRADUADO/A EN CIENCIAS POLÍTICAS Y DE LA ADMINIST. Y DERECHO,&#128506;
GRADUADO/A EN CIENCIAS POLÍTICAS Y DE LA ADMINISTRACIÓN,&#128506;
GRADUADO/A EN COMUNICACIÓN AUDIOVISUAL,&#128249;
GRADUADO/A EN CRIMINOLOGÍA,&#128299;
GRADUADO/A EN DERECHO,&#9878;
GRADUADO/A EN ECONOMÍA,&#128177;
GRADUADO/A EN EDUCACIÓN INFANTIL,&#128118;
GRADUADO/A EN EDUCACIÓN PRIMARIA,&#128398;
GRADUADO/A EN EDUCACIÓN SOCIAL,&#128101;
GRADUADO/A EN FINANZAS Y CONTABILIDAD,&#8364;
GRADUADO/A EN GEOGRAFÍA Y GESTIÓN DEL TERRITORIO,&#128506;
GRADUADO/A EN INFORMACIÓN Y DOCUMENTACIÓN,&#128209;
GRADUADO/A EN MARKETING E INVESTIGACIÓN DE MERCADOS,&#128177;
GRADUADO/A EN PEDAGOGÍA,&#127890;
GRADUADO/A EN RELACIONES LABORALES Y RECURSOS HUMANOS,&#128447;
GRADUADO/A EN SOCIOLOGÍA,&#128499;
GRADUADO/A EN TRABAJO SOCIAL,&#128106;
GRADUADO/A EN TURISMO,&#128248;
LDO. EN ADMINISTRACIÓN Y DIRECCIÓN DE EMPRESAS Y DERECHO,&#128201;
LICENCIADO EN ADMINISTRACIÓN Y DIRECCIÓN DE EMPRESAS,&#128201;
LICENCIADO EN CIENCIAS DE LA ACTIVIDAD FÍSICA Y DEL DEPORTE,&#127939;
LICENCIADO EN CIENCIAS DEL TRABAJO,&#128447;
LICENCIADO EN CIENCIAS POLÍTICAS Y DE LA ADMINISTRACIÓN,&#128506;
LICENCIADO EN CIENCIAS POLÍTICAS Y DE LA ADMON. Y DERECHO,&#9878;
LICENCIADO EN COMUNICACIÓN AUDIOVISUAL,&#128249;
LICENCIADO EN DERECHO,&#9878;
LICENCIADO EN DOCUMENTACIÓN,&#128209;
LICENCIADO EN ECONOMÍA,&#128184;
LICENCIADO EN INVESTIGACIÓN Y TÉCNICAS DE MERCADO,&#128177;
LICENCIADO EN PEDAGOGÍA,&#127979;
LICENCIADO EN PSICOLOGÍA,&#936;
LICENCIADO EN PSICOPEDAGOGÍA,&#128696;
LICENCIADO EN SOCIOLOGÍA,&#128499;
MAESTRO ESPECIALIDAD DE AUDICIÓN Y LENGUAJE,&#128226;
MAESTRO ESPECIALIDAD DE EDUCACIÓN ESPECIAL,&#9855;
MAESTRO ESPECIALIDAD DE EDUCACIÓN FÍSICA,&#127939;
MAESTRO ESPECIALIDAD DE EDUCACIÓN INFANTIL,&#128118;
MAESTRO ESPECIALIDAD DE EDUCACIÓN MUSICAL,&#127926;
MAESTRO ESPECIALIDAD DE EDUCACIÓN PRIMARIA,&#128398;
MAESTRO ESPECIALIDAD DE LENGUA EXTRANJERA,&#128509;
ARQUITECTO,&#9963;
ARQUITECTURA TÉCNICA,&#127959;
GRADUADO/A EN ARQUITECTURA,&#9963;
GRADUADO/A EN EDIFICACIÓN,&#9820;
GRADUADO/A EN INGENIERÍA CIVIL,&#128739;
GRADUADO/A EN INGENIERÍA DE TECNOLOGÍAS DE TELECOMUNICACIÓN,&#128246;
GRADUADO/A EN INGENIERÍA ELECTRÓNICA INDUSTRIAL,&#9889;
GRADUADO/A EN INGENIERÍA INFORMÁTICA,&#128189;
GRADUADO/A EN INGENIERÍA INFORMÁTICA Y MATEMÁTICAS,&#128435;
GRADUADO/A EN INGENIERÍA QUÍMICA,&#128300;
INGENIERO DE TELECOMUNICACIÓN,&#128246;
INGENIERO EN ELECTRÓNICA,&#9889;
INGENIERO EN INFORMÁTICA,&#128189;
INGENIERO QUÍMICO,&#128300;
INGENIERO TÉCNICO EN INFORMÁTICA DE GESTIÓN,&#128423;
INGENIERO TÉCNICO EN INFORMÁTICA DE SISTEMAS,&#128187;
"INGENIERO/A DE CAMINOS, CANALES Y PUERTOS",&#9942;
DIPLOMADO EN ENFERMERÍA,&#128137;
DIPLOMADO EN FISIOTERAPIA,&#128134;
DIPLOMADO EN LOGOPEDIA,&#128483;
DIPLOMADO EN TERAPIA OCUPACIONAL,&#128402;
GRADUADO/A EN ENFERMERÍA,&#128137;
GRADUADO/A EN FARMACIA,&#9877;
GRADUADO/A EN FISIOTERAPIA,&#128134;
GRADUADO/A EN LOGOPEDIA,&#128483;
GRADUADO/A EN MEDICINA,&#9764;
GRADUADO/A EN NUTRICIÓN HUMANA Y DIETÉTICA,&#127860;
GRADUADO/A EN ODONTOLOGÍA,&#128513;
GRADUADO/A EN PSICOLOGÍA,&#936;
GRADUADO/A EN TERAPIA OCUPACIONAL,&#128402;
LICENCIADO EN FARMACIA,&#9877;
LICENCIADO EN MEDICINA,&#9764;
LICENCIADO EN ODONTOLOGÍA,&#128513;
